{"train_loss": 605.507803440094, "_timestamp": 1693228863.8837175, "_runtime": 6458.733922481537, "_step": 55, "val_loss": 690.386214017868, "_wandb": {"runtime": 6458}}