{"train_loss": 188.70621252059937, "val_loss": 0.0, "_timestamp": 1693209665.821422, "_runtime": 6360.832895040512, "_step": 55, "_wandb": {"runtime": 6359}}