{"train_loss": 618.7285087108612, "_timestamp": 1693228863.9011166, "_runtime": 6459.3846344947815, "_step": 55, "val_loss": 698.5194549560547, "_wandb": {"runtime": 6458}}