{"train_loss": 190.3874876499176, "val_loss": 0.0, "_timestamp": 1693209665.850985, "_runtime": 6361.258646965027, "_step": 55, "_wandb": {"runtime": 6360}}